<?xml version="1.0" encoding="UTF-8" standalone="yes"?>
<addon id="repository.xstreamreborn" name="xStream Reborn Repository" version="1.0" provider-name="niho9807">
    <extension point="xbmc.addon.repository" name="xStream Reborn Repository">
        <dir>
            <info compressed="false">https://raw.githubusercontent.com/niho9807/HelloWorld/main/repo/zips/addons.xml</info>
            <checksum>https://raw.githubusercontent.com/niho9807/HelloWorld/main/repo/zips/addons.xml.md5</checksum>
            <datadir zip="true">https://raw.githubusercontent.com/niho9807/HelloWorld/main/repo/zips/</datadir>
        </dir>
        <dir>
            <info compressed="false">https://raw.githubusercontent.com/Gujal00/smrzips/master/addons.xml</info>
            <checksum>https://raw.githubusercontent.com/Gujal00/smrzips/master/addons.xml.md5</checksum>
            <datadir zip="true">https://raw.githubusercontent.com/Gujal00/smrzips/master/zips/</datadir>
        </dir>
    </extension>
    <extension point="xbmc.addon.metadata">
        <summary>xStream Reborn Repository</summary>
        <description lang="de_DE">Dies ist das offizielle xStream Reborn Repository – eine Wiedergeburt basierend auf xStream, ermöglicht durch die herausragende Arbeit der ursprünglichen Entwickler von xStream und xShip. Vielen Dank an beide Teams! [CR]Bei der Bereitstellung einer neuen xStream Reborn Version wird diese vor der Veröffentlichung auf Funktionalität geprüft. Sollten dennoch Probleme auftreten, benachrichtige bitte das offizielle xStream Reborn-Team via Github oder Chat.</description>
        <description lang="de_GB">This is the official xStream Reborn repository – a rebirth based on xStream, made possible thanks to the great work of the original developers of xStream and xShip. Big thanks to both teams! [CR]Before each new xStream Reborn version is released, it is tested for functionality. If you still encounter issues, please contact the official xStream Reborn team via GitHub or chat.</description>
        <disclaimer lang="de_DE">Sie können dieses Video Addon gerne verwenden. Der bereitgestellte Inhalt der Webseiten steht in keinem Bezug zu xStream Reborn oder den Entwicklern! Weitere Informationen finden Sie in unserer Wiki und FAQ.</disclaimer>
        <disclaimer lang="en_GB">You are welcome to use this video addon. The content provided on the websites is not related to xStream Reborn or its developers! For more information, see our Wiki and FAQ.</disclaimer>
        <language>de en</language>
        <platform>all</platform>
        <assets>
            <icon>icon.png</icon>
            <fanart>fanart.jpg</fanart>
        </assets>
    </extension>
</addon>