<?xml version="1.0" encoding="UTF-8" standalone="yes"?>
<addon id="repository.xstreamreborn" name="xStream Reborn Repository" version="1.0" provider-name="niho9807">
    <extension point="xbmc.addon.repository" name="xStream Reborn Repository">
        <dir>
            <info compressed="false">https://raw.githubusercontent.com/niho9807/HelloWorld/main/repo/zips/addons.xml</info>
            <checksum>https://raw.githubusercontent.com/niho9807/HelloWorld/main/repo/zips/addons.xml.md5</checksum>
            <datadir zip="true">https://raw.githubusercontent.com/niho9807/HelloWorld/main/repo/zips/</datadir>
        </dir>
    </extension>
    <extension point="xbmc.addon.metadata">
        <summary>xStream Reborn Repository</summary>
        <description>DESCRIPTION OF YOUR REPO HERE</description>
        <disclaimer></disclaimer>
        <platform>all</platform>
        <assets>
            <icon>icon.png</icon>
            <fanart>fanart.jpg</fanart>
        </assets>
    </extension>
</addon>